{
  "title" : "正保城絵図 南部領盛岡平城絵図 (正保元年) (TMS版)",
  "attr" : {
    "ja" : "正保城絵図 南部領盛岡平城絵図 (正保元年) 国立公文書館",
    "en" : "Japan National Archives"
  },
  "maptype" : "overlay",
  "tms" : true,
  "imageExtention": "png",
  "pois": "morioka_one_poi.json",
  "url": "https://code4history.dev/Maplat/tiles/morioka_ndl_affine/{z}/{x}/{-y}.png",
  "mercator_x_shift": 0,
  "mercator_y_shift": 0,
  "envelope_lnglats" : [[141.13849189444682, 39.68371726018171], [141.1290034389491, 39.71485204359416], [141.16446703501967, 39.721264617961566], [141.17394088696722, 39.69010405666194]]
}
